<?xml version="1.0"?>
<ArrayOfMovieList xmlns:xsi="http://www.w3.org/2001/XMLSchema-instance" xmlns:xsd="http://www.w3.org/2001/XMLSchema">
  <MovieList>
    <ID>42838817477308310</ID>
    <name>watch again</name>
    <user>qqqqqq</user>
    <movies>
      <string>Mike Bassett: England Manager </string>
      <string>Adiós, abuelo </string>
    </movies>
  </MovieList>
  <MovieList>
    <ID>46247634281283353</ID>
    <name>going to watch</name>
    <user>movielover</user>
    <movies>
      <string>Wunschkind, Das </string>
      <string>Landfall </string>
      <string>¡Paso a la juventud..! </string>
      <string>Pyaasa </string>
      <string>Room for One More </string>
      <string>Kaubôi bibappu: Tengoku no tobira </string>
      <string>Oily to Bed, Oily to Rise </string>
    </movies>
  </MovieList>
  <MovieList>
    <ID>89849616351196977</ID>
    <name>good movies</name>
    <user>movielover</user>
    <movies>
      <string>The Mad Empress </string>
      <string>Præsidenten </string>
      <string>Shin Zatoichi monogatari </string>
      <string>Familia Pérez, La </string>
      <string>Come Out Fighting </string>
      <string>Maiko haaaan!!! </string>
      <string>Pékin Central </string>
      <string>Dorian Blues </string>
      <string>Winter Meeting </string>
    </movies>
  </MovieList>
  <MovieList>
    <ID>29202793257348017</ID>
    <name>things i watch alone</name>
    <user>movielover</user>
    <movies>
      <string>My Mom's New Boyfriend </string>
      <string>The Forbidden City </string>
      <string>Flesh.ka </string>
      <string>The Falcon and the Snowman </string>
      <string>Winter Meeting </string>
      <string>Ask the Dust </string>
      <string>Calling Paul Temple </string>
    </movies>
  </MovieList>
  <MovieList>
    <ID>73076727579258450</ID>
    <name>watched</name>
    <user>starwarsfan</user>
    <movies>
      <string>The Iron Maiden </string>
      <string>Something Wild </string>
      <string>Joe Palooka in the Big Fight </string>
      <string>Brenda Starr </string>
    </movies>
  </MovieList>
  <MovieList>
    <ID>63020523036444152</ID>
    <name>favs</name>
    <user>charlie</user>
    <movies>
      <string>Meet the Family </string>
      <string>Regarde-moi </string>
      <string>Water Rustlers </string>
      <string>Gradiva (C'est Gradiva qui vous appelle) </string>
      <string>Eskimo </string>
      <string>Charter Pilot </string>
      <string>Tripes au soleil, Les </string>
    </movies>
  </MovieList>
  <MovieList>
    <ID>59612805727385461</ID>
    <name>new</name>
    <user>wasdqe</user>
    <movies>
      <string>Enfance de l'art, L' </string>
      <string>Venganza, La </string>
      <string>Mi último tango </string>
    </movies>
  </MovieList>
  <MovieList>
    <ID>88965982650248180</ID>
    <name>cool movies</name>
    <user>wasdqe</user>
    <movies>
      <string>Riben guizi </string>
      <string>Wet Hare </string>
    </movies>
  </MovieList>
  <MovieList>
    <ID>42385248722510478</ID>
    <name>cool movies</name>
    <user>hello123</user>
    <movies>
      <string>Hallo Dienstmann </string>
      <string>Århus by night </string>
      <string>Smashing the Rackets </string>
      <string>Bigfoot </string>
      <string>Zatvornik </string>
      <string>No quiero volver a casa </string>
    </movies>
  </MovieList>
  <MovieList>
    <ID>13032067504614927</ID>
    <name>things i watch alone</name>
    <user>hello123</user>
    <movies>
      <string>The Last Great Wilderness </string>
      <string>Love in Bloom </string>
      <string>Cigarette Girl </string>
      <string>The Real McCoy </string>
      <string>Shanghai jiaqi </string>
      <string>Aatamin puvussa ... ... ja vähän Eevankin </string>
      <string>Niño de barro, El </string>
    </movies>
  </MovieList>
  <MovieList>
    <ID>33065183127865148</ID>
    <name>want to watch</name>
    <user>hello123</user>
    <movies>
      <string>Ture Sventon - Privatdetektiv </string>
      <string>Chou </string>
      <string>Unknown Island </string>
      <string>Bangmunja </string>
      <string>San chuen lao see II: Sik ji ngoc gwai </string>
      <string>Melody Ranch </string>
      <string>She Was an Acrobat's Daughter </string>
      <string>Brute Force </string>
      <string>Gunslingers </string>
    </movies>
  </MovieList>
  <MovieList>
    <ID>11715059856668858</ID>
    <name>watch again</name>
    <user>moviesss</user>
    <movies>
      <string>Take a Giant Step </string>
      <string>Amore ritorna, L' </string>
      <string>Slither </string>
      <string>Momentos de estación </string>
      <string>Visionarios </string>
      <string>Triads, Yardies &amp; Onion Bhajees </string>
    </movies>
  </MovieList>
  <MovieList>
    <ID>39579685825879624</ID>
    <name>list1</name>
    <user>special</user>
    <movies>
      <string>Schatz der weissen Falken, Der </string>
      <string>Sunset </string>
      <string>Cravate club </string>
      <string>Fracchia la belva umana </string>
      <string>Unordnung und frühes Leid </string>
      <string>The Four Star Boarder </string>
      <string>Mouse Wreckers </string>
      <string>Gowtham SSC </string>
    </movies>
  </MovieList>
  <MovieList>
    <ID>42987407429971404</ID>
    <name>popular</name>
    <user>denverman</user>
    <movies>
      <string>In the Light of the Moon </string>
      <string>Kurer </string>
      <string>The Golfers </string>
      <string>A Ziegfeld Midnight Frolic </string>
      <string>Infieles, Las (1953/I)</string>
      <string>Morgen in Alabama </string>
      <string>Quando le donne avevano la coda </string>
    </movies>
  </MovieList>
  <MovieList>
    <ID>93109843185731455</ID>
    <name>interesting</name>
    <user>moviefan111</user>
    <movies>
      <string>Gordon of Ghost City </string>
      <string>27 Missing Kisses </string>
      <string>The Door with Seven Locks </string>
      <string>The Football Toucher Downer </string>
    </movies>
  </MovieList>
  <MovieList>
    <ID>11111797325835644</ID>
    <name>watch again</name>
    <user>moviefan111</user>
    <movies>
      <string>Zivot je cudo </string>
      <string>A Grand Day Out with Wallace and Gromit </string>
      <string>Dangerous Attraction </string>
      <string>Finian's Rainbow </string>
      <string>Yaroslav Mudry </string>
      <string>Popcorn Shrimp </string>
      <string>Tôkyô Marîgôrudo </string>
      <string>From Beyond </string>
      <string>Funny Ha Ha </string>
      <string>Saddlemates </string>
      <string>Eroica </string>
    </movies>
  </MovieList>
  <MovieList>
    <ID>90885149022432391</ID>
    <name>new</name>
    <user>ronswanson</user>
    <movies>
      <string>Quando le donne avevano la coda </string>
      <string>Mesteren </string>
      <string>Cantique de la racaille </string>
      <string>The Wrong Guys </string>
      <string>Sensation in San Remo </string>
      <string>Mundo depravados </string>
      <string>Dear Brat </string>
      <string>Toss of the Coin </string>
      <string>In a Lonely Place </string>
      <string>Hob el banat </string>
    </movies>
  </MovieList>
  <MovieList>
    <ID>74282704027860290</ID>
    <name>favorites</name>
    <user>timeismoney</user>
    <movies>
      <string>Brasier ardent, Le </string>
      <string>Disconnected </string>
      <string>Kampf um Rom II - Der Verrat </string>
    </movies>
  </MovieList>
  <MovieList>
    <ID>52932576478473920</ID>
    <name>interesting</name>
    <user>timeismoney</user>
    <movies>
      <string>Kiss Me </string>
      <string>The Wicker Man </string>
      <string>Poliziotto superpiù </string>
      <string>Liian iso keikka </string>
      <string>Buchi neri, I </string>
      <string>Sigaw </string>
      <string>317e section, La </string>
      <string>Shadow of China </string>
      <string>Hao da yi dui yang </string>
      <string>Kongreß amüsiert sich, Der </string>
      <string>The Eyes Have It </string>
      <string>Kasserer Jensen </string>
    </movies>
  </MovieList>
  <MovieList>
    <ID>31123063436127044</ID>
    <name>favs</name>
    <user>freewilly</user>
    <movies>
      <string>Isä meidän </string>
      <string>Cran d'arrêt </string>
    </movies>
  </MovieList>
  <MovieList>
    <ID>14974187196353031</ID>
    <name>favs</name>
    <user>freewilly</user>
    <movies>
      <string>Hera Purple </string>
      <string>98 Octanas </string>
      <string>Trouble Man </string>
    </movies>
  </MovieList>
  <MovieList>
    <ID>44327364102504070</ID>
    <name>good movies</name>
    <user>zylophobe</user>
    <movies>
      <string>Cheers for Miss Bishop </string>
      <string>Candid Cameramaniacs </string>
    </movies>
  </MovieList>
  <MovieList>
    <ID>22976141336457220</ID>
    <name>interesting</name>
    <user>zylophobe</user>
    <movies>
      <string>Hocus Pocus Powwow </string>
      <string>Platinum High School </string>
      <string>Young Wives' Tale </string>
      <string>Heaven Help Us </string>
    </movies>
  </MovieList>
  <MovieList>
    <ID>57670681740614525</ID>
    <name>new</name>
    <user>testing123</user>
    <movies>
      <string>The Silent Enemy </string>
      <string>San chuen lao see II: Sik ji ngoc gwai </string>
      <string>Boomerang </string>
      <string>Born to Race </string>
      <string>Comedian </string>
      <string>Where's Poppa? </string>
      <string>Kenny </string>
      <string>A Little Inside </string>
    </movies>
  </MovieList>
  <MovieList>
    <ID>57077545115519819</ID>
    <name>favs</name>
    <user>testing123</user>
    <movies>
      <string>What a Girl Wants </string>
      <string>Paws </string>
      <string>Mundo depravados </string>
      <string>Einfacher Auftrag, Ein </string>
      <string>Kenny </string>
      <string>Comme un poisson hors de l'eau </string>
    </movies>
  </MovieList>
  <MovieList>
    <ID>86429618231853001</ID>
    <name>sad</name>
    <user>coolkid5</user>
    <movies>
      <string>Branded </string>
      <string>Fin de curso </string>
      <string>Utrpení mladého Bohácka </string>
      <string>Días de fútbol </string>
      <string>Dorian Gray im Spiegel der Boulevardpresse </string>
      <string>Glory Road </string>
      <string>Dortoir des grandes </string>
      <string>The Terror </string>
    </movies>
  </MovieList>
  <MovieList>
    <ID>87624922171054649</ID>
    <name>favorites</name>
    <user>coolkid5</user>
    <movies>
      <string>Somewhere in Time </string>
      <string>Deaden </string>
      <string>Nightfall </string>
      <string>A Grand Day Out with Wallace and Gromit </string>
      <string>Private Snuffy Smith </string>
      <string>Chi chung sze loi liu </string>
      <string>The Crow: City of Angels </string>
    </movies>
  </MovieList>
  <MovieList>
    <ID>26839630701824911</ID>
    <name>cool movies</name>
    <user>coolkid5</user>
    <movies>
      <string>Rotten to the Core </string>
      <string>Olsen-banden går i krig </string>
      <string>The Deadly Mantis </string>
    </movies>
  </MovieList>
  <MovieList>
    <ID>56192807624753165</ID>
    <name>good</name>
    <user>norefunds</user>
    <movies>
      <string>Un drôle de dimanche </string>
      <string>The Corsican Brothers </string>
      <string>Ti, koyto si na nebeto </string>
      <string>His Pest Friend </string>
      <string>Rusuli samkudhedi </string>
      <string>Gun chung </string>
      <string>Suspected Person </string>
    </movies>
  </MovieList>
  <MovieList>
    <ID>88509659661886839</ID>
    <name>sad</name>
    <user>youtalkintome</user>
    <movies>
      <string>Otto ist auf Frauen scharf </string>
      <string>Combat Squad </string>
      <string>Diabel </string>
      <string>The Candidate </string>
      <string>Mamá nos quita los novios </string>
      <string>Pigskin Parade </string>
      <string>Videoreul boneun namja </string>
      <string>Let Freedom Ring </string>
      <string>Psychopathia Sexualis </string>
      <string>Birthdays and Other Traumas </string>
    </movies>
  </MovieList>
  <MovieList>
    <ID>54409351099484720</ID>
    <name>good movies</name>
    <user>youtalkintome</user>
    <movies>
      <string>Bulletproof Monk </string>
      <string>Fatiche di Ercole, Le </string>
      <string>Kicking and Screaming </string>
    </movies>
  </MovieList>
  <MovieList>
    <ID>57818176493328819</ID>
    <name>good movies</name>
    <user>funperson678</user>
    <movies>
      <string>The Hucksters </string>
      <string>The Guv'nor </string>
      <string>We Were Soldiers </string>
      <string>Scent-imental Over You </string>
      <string>Tumbleweed Trail </string>
      <string>Gowtham SSC </string>
      <string>It's Hummer Time </string>
      <string>Condor - les axes du mal </string>
    </movies>
  </MovieList>
  <MovieList>
    <ID>12308196481698284</ID>
    <name>family movies</name>
    <user>moviegroupie11</user>
    <movies>
      <string>Recuerdos del porvenir, Los </string>
      <string>Doigts dans la tête, Les </string>
      <string>This Way Please </string>
      <string>The Billion Dollar Hobo </string>
      <string>¡Vampiros en La Habana! </string>
      <string>Captain Kidd and the Slave Girl </string>
    </movies>
  </MovieList>
  <MovieList>
    <ID>94586622101709807</ID>
    <name>want to watch</name>
    <user>moviegroupie11</user>
    <movies>
      <string>Vendetta </string>
      <string>Yoshiwara </string>
      <string>Cría cuervos </string>
      <string>Taxi nach Kairo </string>
      <string>Mickey's Man Friday </string>
    </movies>
  </MovieList>
  <MovieList>
    <ID>41510628513993052</ID>
    <name>interesting</name>
    <user>moviegroupie11</user>
    <movies>
      <string>Odor of the Day </string>
      <string>Chispita y sus gorilas </string>
      <string>Yin xiao yu jian cui yu shi </string>
    </movies>
  </MovieList>
  <MovieList>
    <ID>38101811693241048</ID>
    <name>want to watch</name>
    <user>lesnieknope</user>
    <movies>
      <string>Poliziotto superpiù </string>
      <string>Sanguinaires, Les </string>
      <string>Class </string>
      <string>Profe, El </string>
      <string>Un Nos Ola' Leuad </string>
      <string>Gorillas in the Mist: The Story of Dian Fossey </string>
      <string>Rosario Tijeras </string>
      <string>Poison Ivy </string>
      <string>So You Want an Apartment </string>
    </movies>
  </MovieList>
  <MovieList>
    <ID>11554189093786271</ID>
    <name>cool movies</name>
    <user>lesnieknope</user>
    <movies>
      <string>Making Love </string>
      <string>The King and I </string>
    </movies>
  </MovieList>
  <MovieList>
    <ID>98146471784662043</ID>
    <name>sad</name>
    <user>lesnieknope</user>
    <movies>
      <string>The Last Outpost </string>
      <string>Billy the Kid's Range War </string>
      <string>The Tender Years </string>
      <string>Adventures in Dinosaur City </string>
      <string>The Last Great Wilderness </string>
      <string>Sea of Dreams </string>
      <string>The Black Cat </string>
      <string>Night of the Living Dead </string>
      <string>Tower of London </string>
      <string>Pietje Bell </string>
    </movies>
  </MovieList>
  <MovieList>
    <ID>71598853446685410</ID>
    <name>popular</name>
    <user>rickandmorty</user>
    <movies>
      <string>...Y al tercer año, resucitó </string>
      <string>Compartiment tueurs </string>
      <string>Tomalio </string>
      <string>Captain Scarlett </string>
      <string>Brewster McCloud </string>
      <string>Nuits moscovites, Les </string>
      <string>Bau lit do see </string>
      <string>What Barry Says </string>
      <string>Tôkyô monogatari </string>
    </movies>
  </MovieList>
  <MovieList>
    <ID>73385084504986274</ID>
    <name>good</name>
    <user>rickandmorty</user>
    <movies>
      <string>Vsichni dobrí rodáci </string>
      <string>Sing for Sweetie </string>
      <string>Rendition </string>
      <string>The Hurricane </string>
      <string>The Perfect Score </string>
      <string>Max Havelaar of de koffieveilingen der Nederlandsche handelsmaatschappij </string>
      <string>Barrio 13 al desnudo </string>
      <string>Demoni di San Pietroburgo, I </string>
      <string>Mercano, el marciano </string>
    </movies>
  </MovieList>
  <MovieList>
    <ID>39284784532518747</ID>
    <name>things i watch alone</name>
    <user>rickandmorty</user>
    <movies>
      <string>Estate al mare, Un' </string>
      <string>Cal </string>
      <string>Es geschah am 20. Juli </string>
      <string>Run of the Arrow </string>
    </movies>
  </MovieList>
  <MovieList>
    <ID>31281730880786783</ID>
    <name>popular</name>
    <user>dramaqueen444</user>
    <movies>
      <string>Weit ist der Weg </string>
      <string>Hua yue liang xiao </string>
      <string>Lisbela e o Prisioneiro </string>
      <string>Apenanti, Oi </string>
      <string>4 aventures de Reinette et Mirabelle </string>
    </movies>
  </MovieList>
  <MovieList>
    <ID>11406702931006570</ID>
    <name>watch again</name>
    <user>dramaqueen444</user>
    <movies>
      <string>Tall Man Riding </string>
      <string>Zhizn s idiotom </string>
      <string>Sing for Sweetie </string>
      <string>Kûchû teien </string>
      <string>'El Chicko' - der Verdacht </string>
    </movies>
  </MovieList>
  <MovieList>
    <ID>69240120162907671</ID>
    <name>recommendations</name>
    <user>dramaqueen444</user>
    <movies>
      <string>A Touch of the Sun </string>
      <string>Finché c'è guerra c'è speranza </string>
      <string>Pánico </string>
    </movies>
  </MovieList>
  <MovieList>
    <ID>74859080314774831</ID>
    <name>favorites</name>
    <user>goldfinger</user>
    <movies>
      <string>Sjecas li se Dolly Bell </string>
      <string>Ruletero a toda marcha </string>
      <string>Follow Your Heart </string>
      <string>The Billion Dollar Hobo </string>
      <string>Pride of the Marines </string>
      <string>Folks! </string>
      <string>Far, El </string>
      <string>I Taw a Putty Tat </string>
      <string>Fresh </string>
    </movies>
  </MovieList>
  <MovieList>
    <ID>87784689127407956</ID>
    <name>watched</name>
    <user>goldfinger</user>
    <movies>
      <string>The King and I </string>
      <string>Blackmailed </string>
      <string>Play It Cool </string>
      <string>Finis Hominis </string>
      <string>Torchy Blane in Panama </string>
      <string>Wehe, wenn sie losgelassen </string>
      <string>Fall Down Dead </string>
      <string>Einfacher Auftrag, Ein </string>
    </movies>
  </MovieList>
  <MovieList>
    <ID>23272142158288625</ID>
    <name>going to watch</name>
    <user>007fanboy</user>
    <movies>
      <string>The Cameraman </string>
      <string>All My Life </string>
      <string>Mystery of the 13th Guest </string>
      <string>Kennwort... Reiher </string>
      <string>Pool Sharks </string>
    </movies>
  </MovieList>
  <MovieList>
    <ID>49372726795521683</ID>
    <name>cool movies</name>
    <user>billythekid</user>
    <movies>
      <string>The Proud Valley </string>
      <string>Dorian Gray im Spiegel der Boulevardpresse </string>
      <string>Natale sul Nilo </string>
      <string>A Force of One </string>
    </movies>
  </MovieList>
  <MovieList>
    <ID>86724523820246455</ID>
    <name>good movies</name>
    <user>summer3</user>
    <movies>
      <string>Davy Crockett, King of the Wild Frontier </string>
      <string>Taj Mahal: An Eternal Love Story </string>
    </movies>
  </MovieList>
  <MovieList>
    <ID>26077700743109174</ID>
    <name>popular</name>
    <user>thebestaround</user>
    <movies>
      <string>Blues Harp </string>
      <string>The Devonsville Terror </string>
      <string>Hoosier Schoolboy </string>
    </movies>
  </MovieList>
  <MovieList>
    <ID>75920345133498316</ID>
    <name>popular</name>
    <user>burtmacklin</user>
    <movies>
      <string>The Little Prince </string>
      <string>Adventures of Casanova </string>
    </movies>
  </MovieList>
  <MovieList>
    <ID>56769183894824699</ID>
    <name>cool movies</name>
    <user>burtmacklin</user>
    <movies>
      <string>Say It with Sables </string>
      <string>Sleepy Time Donald </string>
      <string>The Greener Yard </string>
      <string>The Fighting Seabees </string>
      <string>Kaibyo Otamaga-Ike </string>
      <string>Kurer </string>
      <string>Hair </string>
      <string>Shin Zatoichi monogatari </string>
      <string>Hung biu hyn sin ji daai tau gwaai ang </string>
      <string>Marijuana </string>
    </movies>
  </MovieList>
  <MovieList>
    <ID>17931045676812525</ID>
    <name>favorites</name>
    <user>admin1</user>
    <movies>
      <string>Cleópatra </string>
      <string>Zivi i mrtvi </string>
      <string>Semum </string>
      <string>Muerte en el paraíso </string>
      <string>The Fall </string>
      <string>Tortured </string>
      <string>Doomsday </string>
      <string>Goodnight Irene </string>
      <string>Was am Ende zählt </string>
      <string>Expired </string>
      <string>Maman est chez le coiffeur </string>
      <string>Friedliche Zeiten </string>
      <string>Fille de Monaco, La </string>
      <string>Have Dreams, Will Travel </string>
    </movies>
  </MovieList>
  <MovieList>
    <ID>24911808186680827</ID>
    <name>bob</name>
    <user>admin2</user>
    <movies />
  </MovieList>
</ArrayOfMovieList>